match_details_link,match_details_time,match_details_date,match_details_teams,match_details_league,match_details_bet_options_option_1,match_details_bet_options_option_x,match_details_bet_options_option_2,match_details_bet_options_bet_count
https://www.betpawa.co.ke/event/32130631?filter=all,11:00 am,Tue 06/01,"Melbourne City FC
Brisbane Roar FC",Football / Australia / A-League,1.85,3.50,4.45,128
https://www.betpawa.co.ke/event/31460575?filter=all,5:00 pm,Tue 06/01,"Pisa SC
Como 1907",Football / Italy / Serie A,5.50,3.70,1.80,158
https://www.betpawa.co.ke/event/32228959?filter=all,7:00 pm,Tue 06/01,"Algeria
Congo DR",Football / International / Africa Cup of Nations,2.08,3.25,4.50,152
https://www.betpawa.co.ke/event/31460573?filter=all,8:00 pm,Tue 06/01,"US Lecce
AS Roma",Football / Italy / Serie A,5.50,3.65,1.81,155
https://www.betpawa.co.ke/event/32284584?filter=all,10:00 pm,Tue 06/01,"Ivory Coast
Burkina Faso",Football / International / Africa Cup of Nations,1.87,3.45,5.50,157
https://www.betpawa.co.ke/event/31517439?filter=all,10:45 pm,Tue 06/01,"Sassuolo Calcio
Juventus Turin",Football / Italy / Serie A,5.25,4.00,1.76,158
https://www.betpawa.co.ke/event/32130629?filter=all,10:45 pm,Tue 06/01,"Livingston FC
St Mirren FC",Football / Scotland / Premiership,2.90,3.30,2.45,112
https://www.betpawa.co.ke/event/32100479?filter=all,11:00 pm,Tue 06/01,"West Ham United
Nottingham Forest",Football / England / Premier League,3.25,3.50,2.40,157
https://www.betpawa.co.ke/event/32076289?filter=all,11:00 pm,Tue 06/01,"Glasgow Rangers
Aberdeen FC",Football / Scotland / Premiership,1.51,4.35,6.00,114
https://www.betpawa.co.ke/event/31460574?filter=all,8:30 pm,Wed 07/01,"Bologna FC
Atalanta BC",Football / Italy / Serie A,2.75,3.35,2.60,147
https://www.betpawa.co.ke/event/31560910?filter=all,8:30 pm,Wed 07/01,"SSC Napoli
Hellas Verona",Football / Italy / Serie A,1.32,5.00,11.50,143
https://www.betpawa.co.ke/event/32080251?filter=all,10:30 pm,Wed 07/01,"Manchester City
Brighton & Hove Albion",Football / England / Premier League,1.42,5.75,7.50,150
https://www.betpawa.co.ke/event/32161716?filter=all,10:30 pm,Wed 07/01,"Everton FC
Wolverhampton Wanderers",Football / England / Premier League,1.77,3.60,4.80,150
https://www.betpawa.co.ke/event/32134764?filter=all,10:30 pm,Wed 07/01,"Crystal Palace
Aston Villa",Football / England / Premier League,3.20,3.50,2.40,150
https://www.betpawa.co.ke/event/32134779?filter=all,10:30 pm,Wed 07/01,"Brentford FC
Sunderland AFC",Football / England / Premier League,1.83,3.65,4.35,150
https://www.betpawa.co.ke/event/32080344?filter=all,10:30 pm,Wed 07/01,"AFC Bournemouth
Tottenham Hotspur",Football / England / Premier League,2.20,3.80,3.40,152
https://www.betpawa.co.ke/event/32080343?filter=all,10:30 pm,Wed 07/01,"Fulham FC
Chelsea FC",Football / England / Premier League,3.45,3.75,2.19,151
https://www.betpawa.co.ke/event/31560909?filter=all,10:45 pm,Wed 07/01,"Lazio Rome
ACF Fiorentina",Football / Italy / Serie A,2.40,3.15,3.20,146
https://www.betpawa.co.ke/event/31517441?filter=all,10:45 pm,Wed 07/01,"Parma Calcio
Inter Milano",Football / Italy / Serie A,8.00,5.25,1.36,145
https://www.betpawa.co.ke/event/31493534?filter=all,10:45 pm,Wed 07/01,"Torino FC
Udinese Calcio",Football / Italy / Serie A,2.30,3.10,3.40,146
https://www.betpawa.co.ke/event/32161705?filter=all,11:15 pm,Wed 07/01,"Burnley FC
Manchester United",Football / England / Premier League,4.70,4.05,1.69,150
https://www.betpawa.co.ke/event/32080335?filter=all,11:15 pm,Wed 07/01,"Newcastle United
Leeds United",Football / England / Premier League,1.67,3.95,5.00,150
https://www.betpawa.co.ke/event/31493535?filter=all,8:30 pm,Thu 08/01,"US Cremonese
Cagliari Calcio",Football / Italy / Serie A,2.40,3.15,3.15,131
https://www.betpawa.co.ke/event/31560911?filter=all,10:45 pm,Thu 08/01,"AC Milan
Genoa CFC",Football / Italy / Serie A,1.43,4.45,7.75,127
https://www.betpawa.co.ke/event/32109940?filter=all,11:00 pm,Thu 08/01,"Arsenal FC
Liverpool FC",Football / England / Premier League,1.61,4.25,5.25,133
https://www.betpawa.co.ke/event/32044418?filter=all,11:35 am,Fri 09/01,"Brisbane Roar FC
Auckland FC",Football / Australia / A-League,2.75,3.55,2.50,101
https://www.betpawa.co.ke/event/32341408?filter=all,7:00 pm,Fri 09/01,"Mali
Senegal",Football / International / Africa Cup of Nations,6.25,3.75,1.59,114
https://www.betpawa.co.ke/event/32347649?filter=all,10:00 pm,Fri 09/01,"Cameroon
Morocco",Football / International / Africa Cup of Nations,6.75,3.85,1.55,114
https://www.betpawa.co.ke/event/31476629?filter=all,10:00 pm,Fri 09/01,"NEC Nijmegen
FC Utrecht",Football / Netherlands / Eredivisie,2.06,3.85,3.20,112
https://www.betpawa.co.ke/event/31501947?filter=all,10:30 pm,Fri 09/01,"Eintracht Frankfurt
Borussia Dortmund",Football / Germany / Bundesliga,3.30,3.75,2.08,113
https://www.betpawa.co.ke/event/32093351?filter=all,10:45 pm,Fri 09/01,"Ross County FC
Partick Thistle FC",Football / Scotland / Championship,3.40,3.50,2.13,81
https://www.betpawa.co.ke/event/30613194?filter=all,11:00 pm,Fri 09/01,"Getafe CF
Real Sociedad San Sebastian",Football / Spain / LaLiga,3.10,2.90,2.65,106
https://www.betpawa.co.ke/event/32017817?filter=all,3:00 am,Sat 10/01,"Mazatlan FC
FC Juarez","Football / Mexico / Primera Division, Clausura",2.85,3.25,2.35,73
https://www.betpawa.co.ke/event/32017818?filter=all,6:00 am,Sat 10/01,"Club Tijuana de Caliente
CF America","Football / Mexico / Primera Division, Clausura",3.70,3.70,1.84,73
https://www.betpawa.co.ke/event/32017816?filter=all,6:00 am,Sat 10/01,"Atlas FC
Club Puebla","Football / Mexico / Primera Division, Clausura",2.18,3.35,3.10,73
https://www.betpawa.co.ke/event/32120113?filter=all,9:00 am,Sat 10/01,"Melbourne Victory
Western Sydney Wanderers",Football / Australia / A-League,1.85,3.75,4.10,101
https://www.betpawa.co.ke/event/32151139?filter=all,11:35 am,Sat 10/01,"Macarthur FC
Sydney FC",Football / Australia / A-League,2.95,3.75,2.23,102
https://www.betpawa.co.ke/event/32016955?filter=all,1:45 pm,Sat 10/01,"Perth Glory FC
Central Coast Mariners",Football / Australia / A-League,1.85,3.75,4.10,102
https://www.betpawa.co.ke/event/30613183?filter=all,4:00 pm,Sat 10/01,"Real Oviedo
Real Betis Seville",Football / Spain / LaLiga,3.95,3.50,1.95,110
https://www.betpawa.co.ke/event/32151206?filter=all,5:00 pm,Sat 10/01,"Como 1907
Bologna FC",Football / Italy / Serie A,2.13,3.30,3.60,109
https://www.betpawa.co.ke/event/32173468?filter=all,5:00 pm,Sat 10/01,"Udinese Calcio
Pisa SC",Football / Italy / Serie A,1.95,3.35,4.20,108
https://www.betpawa.co.ke/event/31507733?filter=all,5:30 pm,Sat 10/01,"SC Freiburg
Hamburger SV",Football / Germany / Bundesliga,1.80,3.70,4.40,114
https://www.betpawa.co.ke/event/31507734?filter=all,5:30 pm,Sat 10/01,"1. FC Heidenheim
1. FC Cologne",Football / Germany / Bundesliga,2.90,3.55,2.35,112
https://www.betpawa.co.ke/event/31531788?filter=all,5:30 pm,Sat 10/01,"Union Berlin
FSV Mainz",Football / Germany / Bundesliga,2.15,3.25,3.60,110
https://www.betpawa.co.ke/event/31531787?filter=all,5:30 pm,Sat 10/01,"Werder Bremen
TSG Hoffenheim",Football / Germany / Bundesliga,2.90,3.65,2.30,113
https://www.betpawa.co.ke/event/31620701?filter=all,5:30 pm,Sat 10/01,"FC St. Pauli
RB Leipzig",Football / Germany / Bundesliga,3.90,3.70,1.91,112
https://www.betpawa.co.ke/event/31849027?filter=all,6:00 pm,Sat 10/01,"AE Kifisia FC
AE Larissa FC",Football / Greece / Super League 1,1.61,3.80,5.00,72
https://www.betpawa.co.ke/event/32120083?filter=all,6:00 pm,Sat 10/01,"Hibernian FC
Motherwell FC",Football / Scotland / Premiership,1.94,3.50,3.80,110
https://www.betpawa.co.ke/event/32189841?filter=all,6:00 pm,Sat 10/01,"Greenock Morton FC
Dunfermline Athletic FC",Football / Scotland / Championship,2.75,3.20,2.70,78
https://www.betpawa.co.ke/event/32189626?filter=all,6:00 pm,Sat 10/01,"Queens Park FC
St. Johnstone FC",Football / Scotland / Championship,9.50,5.25,1.32,78
https://www.betpawa.co.ke/event/32151230?filter=all,6:00 pm,Sat 10/01,"Livingston FC
Kilmarnock FC",Football / Scotland / Premiership,2.16,3.25,3.40,107
https://www.betpawa.co.ke/event/32173627?filter=all,6:00 pm,Sat 10/01,"Ayr United FC
Airdrieonians FC",Football / Scotland / Championship,1.61,3.90,5.75,79
https://www.betpawa.co.ke/event/32189882?filter=all,6:00 pm,Sat 10/01,"St Mirren FC
Falkirk FC",Football / Scotland / Premiership,1.99,3.35,3.85,107
https://www.betpawa.co.ke/event/32189978?filter=all,6:00 pm,Sat 10/01,"Raith Rovers FC
Arbroath FC",Football / Scotland / Championship,2.04,3.40,3.80,79
https://www.betpawa.co.ke/event/32189944?filter=all,6:00 pm,Sat 10/01,"Celtic Glasgow
Dundee United",Football / Scotland / Premiership,1.31,5.75,8.00,110
https://www.betpawa.co.ke/event/30613204?filter=all,6:15 pm,Sat 10/01,"Villarreal CF
Deportivo Alaves",Football / Spain / LaLiga,1.54,4.10,6.25,113
https://www.betpawa.co.ke/event/31482717?filter=all,6:30 pm,Sat 10/01,"AZ Alkmaar
FC Volendam",Football / Netherlands / Eredivisie,1.20,7.25,11.00,110
https://www.betpawa.co.ke/event/32189594?filter=all,8:00 pm,Sat 10/01,"AS Roma
Sassuolo Calcio",Football / Italy / Serie A,1.55,4.10,6.25,111
https://www.betpawa.co.ke/event/31849025?filter=all,8:30 pm,Sat 10/01,"Panaitolikos Agrinio
PAOK Thessaloniki",Football / Greece / Super League 1,7.75,4.50,1.37,72
https://www.betpawa.co.ke/event/31849024?filter=all,8:30 pm,Sat 10/01,"Atromitos Athinon
Olympiacos Piraeus",Football / Greece / Super League 1,9.25,5.00,1.29,72
https://www.betpawa.co.ke/event/30613199?filter=all,8:30 pm,Sat 10/01,"Girona FC
CA Osasuna",Football / Spain / LaLiga,2.40,3.30,3.05,111
https://www.betpawa.co.ke/event/31481552?filter=all,8:30 pm,Sat 10/01,"Bayer Leverkusen
VfB Stuttgart",Football / Germany / Bundesliga,1.91,4.00,3.60,113
https://www.betpawa.co.ke/event/31482718?filter=all,8:45 pm,Sat 10/01,"FC Twente Enschede
PEC Zwolle",Football / Netherlands / Eredivisie,1.25,6.25,9.75,109
https://www.betpawa.co.ke/event/31482716?filter=all,10:00 pm,Sat 10/01,"PSV Eindhoven
Excelsior Rotterdam",Football / Netherlands / Eredivisie,1.13,9.00,15.00,109
https://www.betpawa.co.ke/event/32173721?filter=all,10:45 pm,Sat 10/01,"Atalanta BC
Torino FC",Football / Italy / Serie A,1.64,3.90,5.50,112
https://www.betpawa.co.ke/event/30613197?filter=all,11:00 pm,Sat 10/01,"Valencia CF
Elche CF",Football / Spain / LaLiga,2.19,3.20,3.55,111
https://www.betpawa.co.ke/event/31451938?filter=all,11:00 pm,Sat 10/01,"FC Groningen
NAC Breda",Football / Netherlands / Eredivisie,1.65,3.95,4.95,113
https://www.betpawa.co.ke/event/31966712?filter=all,2:00 am,Sun 11/01,"CD Guadalajara
CF Pachuca","Football / Mexico / Primera Division, Clausura",1.85,3.45,4.00,73
https://www.betpawa.co.ke/event/32017819?filter=all,4:00 am,Sun 11/01,"Club Leon
CF Cruz Azul","Football / Mexico / Primera Division, Clausura",4.45,3.85,1.67,73
https://www.betpawa.co.ke/event/31990699?filter=all,4:00 am,Sun 11/01,"Club Santos Laguna
Club Necaxa","Football / Mexico / Primera Division, Clausura",3.70,3.90,1.80,73
https://www.betpawa.co.ke/event/32125206?filter=all,5:00 am,Sun 11/01,"Wellington Phoenix FC
Adelaide United FC",Football / Australia / A-League,2.30,3.75,2.85,102
https://www.betpawa.co.ke/event/32050445?filter=all,6:00 am,Sun 11/01,"CF Monterrey
Deportivo Toluca FC","Football / Mexico / Primera Division, Clausura",1.98,3.60,3.35,73
https://www.betpawa.co.ke/event/32125038?filter=all,9:00 am,Sun 11/01,"Melbourne City FC
Newcastle United Jets",Football / Australia / A-League,1.76,4.10,4.20,102
https://www.betpawa.co.ke/event/31455766?filter=all,2:15 pm,Sun 11/01,"SC Heerenveen
Feyenoord Rotterdam",Football / Netherlands / Eredivisie,2.95,3.75,2.20,111
https://www.betpawa.co.ke/event/32155257?filter=all,2:30 pm,Sun 11/01,"US Lecce
Parma Calcio",Football / Italy / Serie A,2.70,3.00,2.90,109
https://www.betpawa.co.ke/event/30613198?filter=all,4:00 pm,Sun 11/01,"Rayo Vallecano
RCD Mallorca",Football / Spain / LaLiga,1.88,3.30,4.60,110
https://www.betpawa.co.ke/event/31538068?filter=all,4:30 pm,Sun 11/01,"SC Telstar
Ajax Amsterdam",Football / Netherlands / Eredivisie,3.65,3.85,1.89,112
https://www.betpawa.co.ke/event/31488214?filter=all,4:30 pm,Sun 11/01,"Go Ahead Eagles
Fortuna Sittard",Football / Netherlands / Eredivisie,2.04,3.75,3.25,112
https://www.betpawa.co.ke/event/31849023?filter=all,5:00 pm,Sun 11/01,"APO Levadiakos FC
Volos NPS",Football / Greece / Super League 1,1.63,3.70,5.00,72
https://www.betpawa.co.ke/event/32125173?filter=all,5:00 pm,Sun 11/01,"Dundee FC
Heart of Midlothian FC",Football / Scotland / Premiership,7.00,4.35,1.45,110
https://www.betpawa.co.ke/event/32124744?filter=all,5:00 pm,Sun 11/01,"ACF Fiorentina
AC Milan",Football / Italy / Serie A,3.80,3.55,1.98,110
https://www.betpawa.co.ke/event/31537545?filter=all,5:30 pm,Sun 11/01,"Borussia Monchengladbach
FC Augsburg",Football / Germany / Bundesliga,1.99,3.65,3.65,111
https://www.betpawa.co.ke/event/30613184?filter=all,6:15 pm,Sun 11/01,"Levante UD
Espanyol Barcelona",Football / Spain / LaLiga,3.10,3.35,2.30,111
https://www.betpawa.co.ke/event/31849026?filter=all,6:30 pm,Sun 11/01,"OFI Crete
Asteras Tripolis",Football / Greece / Super League 1,2.65,3.00,2.65,73
https://www.betpawa.co.ke/event/32098113?filter=all,6:30 pm,Sun 11/01,"Nacional da Madeira
Santa Clara Azores",Football / Portugal / Liga Portugal,2.80,3.05,2.70,113
https://www.betpawa.co.ke/event/31455765?filter=all,6:45 pm,Sun 11/01,"Sparta Rotterdam
Heracles Almelo",Football / Netherlands / Eredivisie,1.82,3.85,3.95,114
https://www.betpawa.co.ke/event/31537544?filter=all,7:30 pm,Sun 11/01,"Bayern Munich
VfL Wolfsburg",Football / Germany / Bundesliga,1.13,9.25,16.00,112
https://www.betpawa.co.ke/event/32125086?filter=all,7:30 pm,Sun 11/01,"Aberdeen FC
Glasgow Rangers",Football / Scotland / Premiership,3.15,3.35,2.24,110
https://www.betpawa.co.ke/event/32155287?filter=all,8:00 pm,Sun 11/01,"Hellas Verona
Lazio Rome",Football / Italy / Serie A,3.50,3.15,2.23,108
https://www.betpawa.co.ke/event/31881532?filter=all,8:30 pm,Sun 11/01,"Aris Thessaloniki
AEK Athens",Football / Greece / Super League 1,5.25,3.55,1.64,72
https://www.betpawa.co.ke/event/32017821?filter=all,9:00 pm,Sun 11/01,"Pumas UNAM
Queretaro FC","Football / Mexico / Primera Division, Clausura",1.43,4.30,6.50,72
https://www.betpawa.co.ke/event/32125651?filter=all,9:00 pm,Sun 11/01,"Moreirense FC
CD Tondela",Football / Portugal / Liga Portugal,2.14,3.25,3.50,114
https://www.betpawa.co.ke/event/31849022?filter=all,10:00 pm,Sun 11/01,"Panathinaikos Athens
Panserraikos FC",Football / Greece / Super League 1,1.09,9.00,17.50,71
https://www.betpawa.co.ke/event/32155268?filter=all,10:45 pm,Sun 11/01,"Inter Milano
SSC Napoli",Football / Italy / Serie A,1.78,3.55,4.80,112
https://www.betpawa.co.ke/event/32017820?filter=all,4:00 am,Mon 12/01,"Atletico San Luis
Tigres UANL","Football / Mexico / Primera Division, Clausura",3.75,3.50,1.89,73
https://www.betpawa.co.ke/event/32221015?filter=all,8:30 pm,Mon 12/01,"Genoa CFC
Cagliari Calcio",Football / Italy / Serie A,2.11,3.05,4.00,105
https://www.betpawa.co.ke/event/32221017?filter=all,10:45 pm,Mon 12/01,"Juventus Turin
US Cremonese",Football / Italy / Serie A,1.27,5.75,11.00,107
https://www.betpawa.co.ke/event/30613202?filter=all,11:00 pm,Mon 12/01,"Sevilla FC
RC Celta de Vigo",Football / Spain / LaLiga,2.50,3.35,2.85,111
https://www.betpawa.co.ke/event/32069068?filter=all,8:30 pm,Tue 13/01,"VfB Stuttgart
Eintracht Frankfurt",Football / Germany / Bundesliga,1.85,3.90,3.95,112
https://www.betpawa.co.ke/event/32069069?filter=all,10:30 pm,Tue 13/01,"Borussia Dortmund
Werder Bremen",Football / Germany / Bundesliga,1.36,5.50,7.50,111
https://www.betpawa.co.ke/event/32004553?filter=all,10:30 pm,Tue 13/01,"Hamburger SV
Bayer Leverkusen",Football / Germany / Bundesliga,3.40,3.70,2.05,111
https://www.betpawa.co.ke/event/32030065?filter=all,10:30 pm,Tue 13/01,"FSV Mainz
1. FC Heidenheim",Football / Germany / Bundesliga,1.70,3.75,5.00,110
https://www.betpawa.co.ke/event/32009878?filter=all,10:45 pm,Tue 13/01,"Carrick Rangers
Linfield FC",Football / Northern Ireland / Premiership,4.65,3.85,1.62,69
https://www.betpawa.co.ke/event/31955946?filter=all,10:45 pm,Tue 13/01,"Ballymena United
Cliftonville FC",Football / Northern Ireland / Premiership,3.70,3.35,1.90,69
https://www.betpawa.co.ke/event/31955945?filter=all,10:45 pm,Tue 13/01,"Glentoran FC
Larne FC",Football / Northern Ireland / Premiership,2.16,3.05,3.30,68
https://www.betpawa.co.ke/event/32014560?filter=all,11:00 pm,Tue 13/01,"Newcastle United
Manchester City",Football / England / EFL Cup,3.15,3.70,2.10,111
https://www.betpawa.co.ke/event/32281029?filter=all,4:00 am,Wed 14/01,"Club Necaxa
CF Monterrey","Football / Mexico / Primera Division, Clausura",2.40,3.65,2.60,73
https://www.betpawa.co.ke/event/32281012?filter=all,4:00 am,Wed 14/01,"Club Puebla
Mazatlan FC","Football / Mexico / Primera Division, Clausura",1.90,3.50,3.70,73
https://www.betpawa.co.ke/event/32213625?filter=all,4:00 am,Wed 14/01,"CF Pachuca
Club Leon","Football / Mexico / Primera Division, Clausura",1.48,4.25,5.75,72
https://www.betpawa.co.ke/event/32213657?filter=all,6:00 am,Wed 14/01,"FC Juarez
CD Guadalajara","Football / Mexico / Primera Division, Clausura",3.55,3.35,1.99,73
https://www.betpawa.co.ke/event/32229416?filter=all,6:00 am,Wed 14/01,"CF Cruz Azul
Atlas FC","Football / Mexico / Primera Division, Clausura",1.30,5.00,8.75,72
https://www.betpawa.co.ke/event/32062108?filter=all,8:30 pm,Wed 14/01,"VfL Wolfsburg
FC St. Pauli",Football / Germany / Bundesliga,1.87,3.75,4.00,111
https://www.betpawa.co.ke/event/32069072?filter=all,10:30 pm,Wed 14/01,"TSG Hoffenheim
Borussia Monchengladbach",Football / Germany / Bundesliga,1.86,3.95,3.85,112
https://www.betpawa.co.ke/event/32069071?filter=all,10:30 pm,Wed 14/01,"RB Leipzig
SC Freiburg",Football / Germany / Bundesliga,1.80,4.00,4.00,113
https://www.betpawa.co.ke/event/32069070?filter=all,10:30 pm,Wed 14/01,"1. FC Cologne
Bayern Munich",Football / Germany / Bundesliga,8.00,6.50,1.30,111
https://www.betpawa.co.ke/event/32204768?filter=all,10:45 pm,Wed 14/01,"Heart of Midlothian FC
St Mirren FC",Football / Scotland / Premiership,1.31,4.85,11.00,108
https://www.betpawa.co.ke/event/32204769?filter=all,10:45 pm,Wed 14/01,"Falkirk FC
Celtic Glasgow",Football / Scotland / Premiership,6.25,4.45,1.48,109
https://www.betpawa.co.ke/event/32134756?filter=all,11:00 pm,Wed 14/01,"Chelsea FC
Arsenal FC",Football / England / EFL Cup,2.85,3.40,2.40,110
https://www.betpawa.co.ke/event/32309362?filter=all,4:00 am,Thu 15/01,"Queretaro FC
Club Tijuana de Caliente","Football / Mexico / Primera Division, Clausura",2.60,3.40,2.50,73
https://www.betpawa.co.ke/event/32285348?filter=all,4:00 am,Thu 15/01,"CF America
Atletico San Luis","Football / Mexico / Primera Division, Clausura",1.29,5.00,9.25,72
https://www.betpawa.co.ke/event/32266942?filter=all,6:00 am,Thu 15/01,"Tigres UANL
Pumas UNAM","Football / Mexico / Primera Division, Clausura",1.59,3.65,5.50,72
https://www.betpawa.co.ke/event/32234803?filter=all,6:00 am,Thu 15/01,"Deportivo Toluca FC
Club Santos Laguna","Football / Mexico / Primera Division, Clausura",1.16,7.00,13.50,70
https://www.betpawa.co.ke/event/32030066?filter=all,10:30 pm,Thu 15/01,"FC Augsburg
Union Berlin",Football / Germany / Bundesliga,2.40,3.25,3.05,109
https://www.betpawa.co.ke/event/32271569?filter=all,11:35 am,Fri 16/01,"Melbourne City FC
Auckland FC",Football / Australia / A-League,2.40,3.50,2.90,101
https://www.betpawa.co.ke/event/32240317?filter=all,1:45 pm,Fri 16/01,"Perth Glory FC
Brisbane Roar FC",Football / Australia / A-League,2.40,3.50,2.85,101
https://www.betpawa.co.ke/event/32004126?filter=all,9:00 pm,Fri 16/01,"AS Monaco
FC Lorient",Football / France / Ligue 1,1.59,4.40,5.25,115
https://www.betpawa.co.ke/event/32271590?filter=all,10:00 pm,Fri 16/01,"Rodez Aveyron Football
Le Mans FC",Football / France / Ligue 2,2.80,3.30,2.60,100
https://www.betpawa.co.ke/event/32240412?filter=all,10:00 pm,Fri 16/01,"Stade Lavallois MFC
SC Bastia",Football / France / Ligue 2,2.35,3.00,3.50,97
https://www.betpawa.co.ke/event/32240439?filter=all,10:00 pm,Fri 16/01,"FC Annecy
Amiens SC",Football / France / Ligue 2,1.64,3.65,6.00,100
https://www.betpawa.co.ke/event/32271534?filter=all,10:00 pm,Fri 16/01,"US Boulogne
Montpellier HSC",Football / France / Ligue 2,3.50,3.30,2.16,99
https://www.betpawa.co.ke/event/32313386?filter=all,10:00 pm,Fri 16/01,"USL Dunkerque
Pau FC",Football / France / Ligue 2,1.76,3.75,4.60,102
https://www.betpawa.co.ke/event/32215191?filter=all,10:45 pm,Fri 16/01,"Club Brugge
RAAL La Louviere",Football / Belgium / Pro League,1.38,4.95,7.50,107
https://www.betpawa.co.ke/event/32062039?filter=all,11:00 pm,Fri 16/01,"Paris Saint-Germain
Lille OSC",Football / France / Ligue 1,1.49,4.70,6.00,113
https://www.betpawa.co.ke/event/32240326?filter=all,11:00 pm,Fri 16/01,"West Bromwich Albion
Middlesbrough FC",Football / England / Championship,2.40,3.35,2.90,110
https://www.betpawa.co.ke/event/32271513?filter=all,11:00 pm,Fri 16/01,"Espanyol Barcelona
Girona FC",Football / Spain / LaLiga,1.91,3.55,4.10,110
https://www.betpawa.co.ke/event/32240361?filter=all,11:15 pm,Fri 16/01,"Sporting CP
Casa Pia Lisbon",Football / Portugal / Liga Portugal,1.10,8.75,24.50,107
https://www.betpawa.co.ke/event/32296265?filter=all,9:00 am,Sat 17/01,"Western Sydney Wanderers
Newcastle United Jets",Football / Australia / A-League,1.98,4.10,3.30,100
https://www.betpawa.co.ke/event/32319337?filter=all,10:00 am,Sat 17/01,"Central Coast Mariners
Macarthur FC",Football / Australia / A-League,2.75,3.70,2.40,101
https://www.betpawa.co.ke/event/32296159?filter=all,11:35 am,Sat 17/01,"Adelaide United FC
Melbourne Victory",Football / Australia / A-League,2.90,3.90,2.23,100
https://www.betpawa.co.ke/event/32319374?filter=all,3:30 pm,Sat 17/01,"Watford FC
Millwall FC",Football / England / Championship,1.90,3.45,4.05,108
https://www.betpawa.co.ke/event/32296014?filter=all,3:30 pm,Sat 17/01,"Ipswich Town
Blackburn Rovers",Football / England / Championship,1.49,4.25,6.25,111
https://www.betpawa.co.ke/event/32319278?filter=all,3:30 pm,Sat 17/01,"Manchester United
Manchester City",Football / England / Premier League,4.00,4.10,1.79,115
https://www.betpawa.co.ke/event/32337111?filter=all,3:30 pm,Sat 17/01,"Coventry City
Leicester City",Football / England / Championship,1.63,4.10,4.95,113
https://www.betpawa.co.ke/event/32365868?filter=all,4:00 pm,Sat 17/01,"ESTAC Troyes
Stade Reims",Football / France / Ligue 2,2.45,3.30,3.00,99
https://www.betpawa.co.ke/event/32365816?filter=all,4:00 pm,Sat 17/01,"Grenoble Foot
Red Star FC",Football / France / Ligue 2,2.90,3.20,2.55,98
https://www.betpawa.co.ke/event/32295841?filter=all,4:00 pm,Sat 17/01,"Real Madrid
Levante UD",Football / Spain / LaLiga,1.16,8.50,14.00,109
https://www.betpawa.co.ke/event/32004578?filter=all,4:30 pm,Sat 17/01,"Panserraikos FC
AE Kifisia FC",Football / Greece / Super League 1,4.55,3.40,1.76,72
https://www.betpawa.co.ke/event/32156407?filter=all,5:00 pm,Sat 17/01,"Istanbul Basaksehir
Fatih Karagumruk Istanbul",Football / Turkey / Super Lig,1.49,4.35,6.25,111
https://www.betpawa.co.ke/event/32337182?filter=all,6:00 pm,Sat 17/01,"Sunderland AFC
Crystal Palace",Football / England / Premier League,2.85,3.20,2.60,108
https://www.betpawa.co.ke/event/32337174?filter=all,6:00 pm,Sat 17/01,"Stoke City
Queens Park Rangers",Football / England / Championship,2.30,3.25,3.15,109
https://www.betpawa.co.ke/event/32319302?filter=all,6:00 pm,Sat 17/01,"Liverpool FC
Burnley FC",Football / England / Premier League,1.21,6.50,13.00,107
https://www.betpawa.co.ke/event/32319198?filter=all,6:00 pm,Sat 17/01,"Preston North End
Derby County",Football / England / Championship,2.25,3.10,3.35,108
https://www.betpawa.co.ke/event/32365928?filter=all,6:00 pm,Sat 17/01,"Oxford United
Bristol City",Football / England / Championship,2.95,3.35,2.35,110
https://www.betpawa.co.ke/event/32365922?filter=all,6:00 pm,Sat 17/01,"Leeds United
Fulham FC",Football / England / Premier League,2.23,3.30,3.35,109
https://www.betpawa.co.ke/event/32365905?filter=all,6:00 pm,Sat 17/01,"Wrexham AFC
Norwich City",Football / England / Championship,2.02,3.45,3.60,109
https://www.betpawa.co.ke/event/32365965?filter=all,6:00 pm,Sat 17/01,"Sheffield Wednesday
Portsmouth FC",Football / England / Championship,3.10,3.25,2.35,111
https://www.betpawa.co.ke/event/32365953?filter=all,6:00 pm,Sat 17/01,"Chelsea FC
Brentford FC",Football / England / Premier League,1.60,4.20,5.25,112
https://www.betpawa.co.ke/event/32281575?filter=all,6:00 pm,Sat 17/01,"SV Zulte Waregem
KRC Genk",Football / Belgium / Pro League,3.35,3.65,2.04,111
https://www.betpawa.co.ke/event/32296131?filter=all,6:00 pm,Sat 17/01,"Charlton Athletic
Sheffield United",Football / England / Championship,3.35,3.30,2.17,109
https://www.betpawa.co.ke/event/32296189?filter=all,6:00 pm,Sat 17/01,"Tottenham Hotspur
West Ham United",Football / England / Premier League,1.70,4.00,4.70,113
https://www.betpawa.co.ke/event/32296172?filter=all,6:00 pm,Sat 17/01,"Southampton FC
Hull City",Football / England / Championship,1.61,4.05,5.25,113
https://www.betpawa.co.ke/event/32336937?filter=all,6:15 pm,Sat 17/01,"RCD Mallorca
Athletic Bilbao",Football / Spain / LaLiga,3.70,3.10,2.18,109
https://www.betpawa.co.ke/event/32296262?filter=all,6:30 pm,Sat 17/01,"Gil Vicente Barcelos
Nacional da Madeira",Football / Portugal / Liga Portugal,1.74,3.40,5.25,107
https://www.betpawa.co.ke/event/32062148?filter=all,6:30 pm,Sat 17/01,"Ajax Amsterdam
Go Ahead Eagles",Football / Netherlands / Eredivisie,1.39,4.85,7.25,108
https://www.betpawa.co.ke/event/32062035?filter=all,7:00 pm,Sat 17/01,"RC Lens
AJ Auxerre",Football / France / Ligue 1,1.47,4.50,6.50,112
https://www.betpawa.co.ke/event/32004657?filter=all,7:30 pm,Sat 17/01,"Asteras Tripolis
Olympiacos Piraeus",Football / Greece / Super League 1,9.00,4.25,1.35,72
https://www.betpawa.co.ke/event/32312324?filter=all,8:00 pm,Sat 17/01,"FC Winterthur
FC St. Gallen 1879",Football / Switzerland / Super League,4.20,4.10,1.76,102
https://www.betpawa.co.ke/event/32289077?filter=all,8:00 pm,Sat 17/01,"FC Luzern
FC Lugano",Football / Switzerland / Super League,2.75,3.50,2.45,101
https://www.betpawa.co.ke/event/32129875?filter=all,8:00 pm,Sat 17/01,"Galatasaray Istanbul
Gaziantep FK",Football / Turkey / Super Lig,1.18,7.25,13.00,107
https://www.betpawa.co.ke/event/32230454?filter=all,8:15 pm,Sat 17/01,"KVC Westerlo
Cercle Brugge",Football / Belgium / Pro League,2.09,3.75,3.20,110
https://www.betpawa.co.ke/event/32336976?filter=all,8:30 pm,Sat 17/01,"CA Osasuna
Real Oviedo",Football / Spain / LaLiga,1.72,3.50,5.50,108
https://www.betpawa.co.ke/event/32296246?filter=all,8:30 pm,Sat 17/01,"Nottingham Forest
Arsenal FC",Football / England / Premier League,5.50,4.20,1.57,111
https://www.betpawa.co.ke/event/32296035?filter=all,8:30 pm,Sat 17/01,"Swansea City
Birmingham City",Football / England / Championship,2.85,3.30,2.45,110
https://www.betpawa.co.ke/event/32004652?filter=all,8:45 pm,Sat 17/01,"PEC Zwolle
AZ Alkmaar",Football / Netherlands / Eredivisie,4.65,3.95,1.68,113
https://www.betpawa.co.ke/event/32296251?filter=all,9:00 pm,Sat 17/01,"FC Alverca SAD
Moreirense FC",Football / Portugal / Liga Portugal,2.40,3.05,3.10,108
https://www.betpawa.co.ke/event/32029315?filter=all,9:00 pm,Sat 17/01,"Toulouse FC
OGC Nice",Football / France / Ligue 1,1.92,3.65,3.90,112
https://www.betpawa.co.ke/event/32069166?filter=all,10:00 pm,Sat 17/01,"Excelsior Rotterdam
SC Telstar",Football / Netherlands / Eredivisie,2.00,3.65,3.45,110
https://www.betpawa.co.ke/event/32004656?filter=all,10:00 pm,Sat 17/01,"Fortuna Sittard
PSV Eindhoven",Football / Netherlands / Eredivisie,8.00,5.50,1.32,109
https://www.betpawa.co.ke/event/32312323?filter=all,10:30 pm,Sat 17/01,"Young Boys Bern
Lausanne-Sport",Football / Switzerland / Super League,1.87,4.00,3.75,102
https://www.betpawa.co.ke/event/32215193?filter=all,10:45 pm,Sat 17/01,"Union Saint-Gilloise
Yellow-Red KV Mechelen",Football / Belgium / Pro League,1.33,5.25,8.50,107
https://www.betpawa.co.ke/event/32337168?filter=all,10:55 pm,Sat 17/01,"AS Saint-Etienne
Clermont Foot 63",Football / France / Ligue 2,1.46,4.40,7.25,99
https://www.betpawa.co.ke/event/32295848?filter=all,11:00 pm,Sat 17/01,"Real Betis Seville
Villarreal CF",Football / Spain / LaLiga,2.25,3.65,3.00,112
https://www.betpawa.co.ke/event/32004655?filter=all,11:00 pm,Sat 17/01,"NAC Breda
NEC Nijmegen",Football / Netherlands / Eredivisie,3.05,3.60,2.20,110
https://www.betpawa.co.ke/event/32062037?filter=all,11:05 pm,Sat 17/01,"Angers SCO
Olympique Marseille",Football / France / Ligue 1,5.50,4.10,1.61,114
https://www.betpawa.co.ke/event/32296073?filter=all,11:30 pm,Sat 17/01,"Rio Ave FC
SL Benfica",Football / Portugal / Liga Portugal,8.25,4.55,1.38,107
https://www.betpawa.co.ke/event/32370842?filter=all,9:00 am,Sun 18/01,"Sydney FC
Wellington Phoenix FC",Football / Australia / A-League,1.42,4.80,7.25,98
https://www.betpawa.co.ke/event/32004654?filter=all,2:15 pm,Sun 18/01,"SC Heerenveen
FC Groningen",Football / Netherlands / Eredivisie,2.21,3.45,3.10,110
https://www.betpawa.co.ke/event/32156408?filter=all,2:30 pm,Sun 18/01,"Kasimpasa Istanbul
Antalyaspor",Football / Turkey / Super Lig,2.15,3.25,3.50,107
https://www.betpawa.co.ke/event/32262820?filter=all,3:30 pm,Sun 18/01,"KAA Gent
RSC Anderlecht",Football / Belgium / Pro League,2.85,3.40,2.40,110
https://www.betpawa.co.ke/event/32370693?filter=all,4:00 pm,Sun 18/01,"Getafe CF
Valencia CF",Football / Spain / LaLiga,2.55,2.85,3.20,105
https://www.betpawa.co.ke/event/32237463?filter=all,4:00 pm,Sun 18/01,"Servette Geneva
FC Zurich",Football / Switzerland / Super League,1.83,3.90,4.00,101
https://www.betpawa.co.ke/event/32062147?filter=all,4:30 pm,Sun 18/01,"FC Volendam
FC Utrecht",Football / Netherlands / Eredivisie,3.95,3.75,1.84,112
https://www.betpawa.co.ke/event/32004653?filter=all,4:30 pm,Sun 18/01,"Heracles Almelo
FC Twente Enschede",Football / Netherlands / Eredivisie,4.85,3.95,1.66,113
https://www.betpawa.co.ke/event/32100206?filter=all,5:00 pm,Sun 18/01,"Kocaelispor
Trabzonspor",Football / Turkey / Super Lig,2.65,3.25,2.65,109
https://www.betpawa.co.ke/event/32004127?filter=all,5:00 pm,Sun 18/01,"Strasbourg Alsace
FC Metz",Football / France / Ligue 1,1.55,4.40,5.50,114
https://www.betpawa.co.ke/event/32156406?filter=all,5:00 pm,Sun 18/01,"Genclerbirligi SK
Samsunspor",Football / Turkey / Super Lig,2.95,3.20,2.45,109
https://www.betpawa.co.ke/event/32369155?filter=all,5:00 pm,Sun 18/01,"Wolverhampton Wanderers
Newcastle United",Football / England / Premier League,4.50,3.95,1.74,113
https://www.betpawa.co.ke/event/32230455?filter=all,6:00 pm,Sun 18/01,"FCV Dender EH
Royal Antwerp FC",Football / Belgium / Pro League,2.90,3.20,2.45,110
https://www.betpawa.co.ke/event/32062149?filter=all,6:00 pm,Sun 18/01,"AE Larissa FC
Aris Thessaloniki",Football / Greece / Super League 1,4.75,3.15,1.80,72
https://www.betpawa.co.ke/event/32370696?filter=all,6:15 pm,Sun 18/01,"Atletico Madrid
Deportivo Alaves",Football / Spain / LaLiga,1.34,4.90,9.50,107
https://www.betpawa.co.ke/event/32269977?filter=all,6:30 pm,Sun 18/01,"FC Basel 1893
FC Sion",Football / Switzerland / Super League,1.67,4.00,4.90,103
https://www.betpawa.co.ke/event/32312325?filter=all,6:30 pm,Sun 18/01,"Grasshopper Club Zurich
FC Thun",Football / Switzerland / Super League,2.90,3.65,2.35,101
https://www.betpawa.co.ke/event/32342414?filter=all,6:30 pm,Sun 18/01,"Santa Clara Azores
FC Famalicao",Football / Portugal / Liga Portugal,2.90,2.90,2.75,104
https://www.betpawa.co.ke/event/32004651?filter=all,6:45 pm,Sun 18/01,"Feyenoord Rotterdam
Sparta Rotterdam",Football / Netherlands / Eredivisie,1.30,5.75,8.50,109
https://www.betpawa.co.ke/event/32062038?filter=all,7:15 pm,Sun 18/01,"FC Nantes
Paris FC",Football / France / Ligue 1,3.35,3.30,2.22,111
https://www.betpawa.co.ke/event/32062036?filter=all,7:15 pm,Sun 18/01,"Stade Rennais FC
Le Havre AC",Football / France / Ligue 1,1.68,3.95,4.90,114
https://www.betpawa.co.ke/event/32340164?filter=all,7:30 pm,Sun 18/01,"Aston Villa
Everton FC",Football / England / Premier League,1.77,3.70,4.60,112
https://www.betpawa.co.ke/event/32075725?filter=all,8:00 pm,Sun 18/01,"Alanyaspor
Fenerbahce Istanbul",Football / Turkey / Super Lig,5.75,4.05,1.56,111
https://www.betpawa.co.ke/event/32004658?filter=all,8:00 pm,Sun 18/01,"PAOK Thessaloniki
OFI Crete",Football / Greece / Super League 1,1.14,7.00,16.50,71
https://www.betpawa.co.ke/event/32370691?filter=all,8:30 pm,Sun 18/01,"RC Celta de Vigo
Rayo Vallecano",Football / Spain / LaLiga,2.17,3.20,3.60,109
https://www.betpawa.co.ke/event/32215192?filter=all,8:30 pm,Sun 18/01,"Royal Charleroi SC
Standard Liege",Football / Belgium / Pro League,1.96,3.15,4.25,107
https://www.betpawa.co.ke/event/32370780?filter=all,9:00 pm,Sun 18/01,"CD Tondela
SC Braga",Football / Portugal / Liga Portugal,5.25,3.55,1.69,110
https://www.betpawa.co.ke/event/32262821?filter=all,9:15 pm,Sun 18/01,"St. Truidense VV
Oud-Heverlee Leuven",Football / Belgium / Pro League,1.77,3.70,4.50,111
https://www.betpawa.co.ke/event/32062150?filter=all,10:00 pm,Sun 18/01,"AEK Athens
Panathinaikos Athens",Football / Greece / Super League 1,1.82,3.35,4.25,73
https://www.betpawa.co.ke/event/32062040?filter=all,10:45 pm,Sun 18/01,"Olympique Lyon
Stade Brest 29",Football / France / Ligue 1,1.62,4.10,5.25,114
https://www.betpawa.co.ke/event/32342248?filter=all,11:00 pm,Sun 18/01,"Real Sociedad San Sebastian
FC Barcelona",Football / Spain / LaLiga,5.00,4.60,1.57,114
https://www.betpawa.co.ke/event/32324629?filter=all,11:30 pm,Sun 18/01,"Vitoria SC Guimaraes
FC Porto",Football / Portugal / Liga Portugal,6.25,3.95,1.54,110
https://www.betpawa.co.ke/event/32075724?filter=all,5:00 pm,Mon 19/01,"Konyaspor
Eyupspor",Football / Turkey / Super Lig,1.74,3.75,4.55,111
https://www.betpawa.co.ke/event/32062372?filter=all,7:00 pm,Mon 19/01,"Panaitolikos Agrinio
APO Levadiakos FC",Football / Greece / Super League 1,4.20,3.10,1.92,73
https://www.betpawa.co.ke/event/32075726?filter=all,8:00 pm,Mon 19/01,"Goztepe Izmir
Caykur Rizespor",Football / Turkey / Super Lig,1.89,3.40,4.15,107
https://www.betpawa.co.ke/event/32156405?filter=all,8:00 pm,Mon 19/01,"Besiktas Istanbul
Kayserispor",Football / Turkey / Super Lig,1.38,5.25,7.00,108
https://www.betpawa.co.ke/event/32070346?filter=all,9:00 pm,Mon 19/01,"Volos NPS
Atromitos Athinon",Football / Greece / Super League 1,2.06,3.05,3.75,73
https://www.betpawa.co.ke/event/31767228?filter=all,10:45 pm,Mon 19/01,"Nancy-Lorraine
EA Guingamp",Football / France / Ligue 2,2.45,3.30,3.00,99
https://www.betpawa.co.ke/event/32305191?filter=all,11:00 pm,Mon 19/01,"Elche CF
Sevilla FC",Football / Spain / LaLiga,2.30,3.35,3.15,109
https://www.betpawa.co.ke/event/32299257?filter=all,11:00 pm,Mon 19/01,"Brighton & Hove Albion
AFC Bournemouth",Football / England / Premier League,2.01,3.75,3.45,110
https://www.betpawa.co.ke/event/32375904?filter=all,11:15 pm,Mon 19/01,"Estrela Amadora
Estoril Praia",Football / Portugal / Liga Portugal,2.55,3.15,2.80,109
https://www.betpawa.co.ke/event/31918768?filter=all,6:30 pm,Tue 20/01,"FC Kairat Almaty
Club Brugge",Football / International / UEFA Champions League,4.70,4.40,1.63,114
https://www.betpawa.co.ke/event/30971247?filter=all,8:45 pm,Tue 20/01,"Bodoe/Glimt
Manchester City",Football / International / UEFA Champions League,6.50,5.50,1.41,110
https://www.betpawa.co.ke/event/31918770?filter=all,11:00 pm,Tue 20/01,"Olympiacos Piraeus
Bayer Leverkusen",Football / International / UEFA Champions League,2.50,3.45,2.75,111
https://www.betpawa.co.ke/event/31918769?filter=all,11:00 pm,Tue 20/01,"Inter Milano
Arsenal FC",Football / International / UEFA Champions League,2.65,3.35,2.65,110
https://www.betpawa.co.ke/event/31860599?filter=all,11:00 pm,Tue 20/01,"Real Madrid
AS Monaco",Football / International / UEFA Champions League,1.27,6.25,9.50,111
https://www.betpawa.co.ke/event/31890647?filter=all,11:00 pm,Tue 20/01,"FC Copenhagen
SSC Napoli",Football / International / UEFA Champions League,4.10,3.65,1.87,111
https://www.betpawa.co.ke/event/31890648?filter=all,11:00 pm,Tue 20/01,"Sporting CP
Paris Saint-Germain",Football / International / UEFA Champions League,4.10,4.00,1.79,113
https://www.betpawa.co.ke/event/31860600?filter=all,11:00 pm,Tue 20/01,"Tottenham Hotspur
Borussia Dortmund",Football / International / UEFA Champions League,2.22,3.55,3.15,110
https://www.betpawa.co.ke/event/31828998?filter=all,11:00 pm,Tue 20/01,"Villarreal CF
Ajax Amsterdam",Football / International / UEFA Champions League,1.59,4.50,5.00,114
https://www.betpawa.co.ke/event/31918771?filter=all,8:45 pm,Wed 21/01,"Qarabag FK
Eintracht Frankfurt",Football / International / UEFA Champions League,3.10,3.65,2.21,111
https://www.betpawa.co.ke/event/31860601?filter=all,8:45 pm,Wed 21/01,"Galatasaray Istanbul
Atletico Madrid",Football / International / UEFA Champions League,3.30,3.95,2.02,111
https://www.betpawa.co.ke/event/31918772?filter=all,11:00 pm,Wed 21/01,"Bayern Munich
Union Saint-Gilloise",Football / International / UEFA Champions League,1.13,9.50,17.00,109
https://www.betpawa.co.ke/event/31918773?filter=all,11:00 pm,Wed 21/01,"Newcastle United
PSV Eindhoven",Football / International / UEFA Champions League,1.46,5.00,6.00,112
https://www.betpawa.co.ke/event/31890650?filter=all,11:00 pm,Wed 21/01,"Chelsea FC
Pafos FC",Football / International / UEFA Champions League,1.16,7.75,15.00,107
https://www.betpawa.co.ke/event/31890651?filter=all,11:00 pm,Wed 21/01,"Olympique Marseille
Liverpool FC",Football / International / UEFA Champions League,3.80,3.90,1.88,111
https://www.betpawa.co.ke/event/31890649?filter=all,11:00 pm,Wed 21/01,"Atalanta BC
Athletic Bilbao",Football / International / UEFA Champions League,1.85,3.55,4.30,111
https://www.betpawa.co.ke/event/31860602?filter=all,11:00 pm,Wed 21/01,"Juventus Turin
SL Benfica",Football / International / UEFA Champions League,1.92,3.50,4.10,110
https://www.betpawa.co.ke/event/31860603?filter=all,11:00 pm,Wed 21/01,"Slavia Prague
FC Barcelona",Football / International / UEFA Champions League,6.50,5.50,1.41,110
https://www.betpawa.co.ke/event/31908677?filter=all,8:45 pm,Thu 22/01,"SC Freiburg
Maccabi Tel Aviv FC",Football / International / UEFA Europa League,1.19,7.25,14.00,107
https://www.betpawa.co.ke/event/31908678?filter=all,8:45 pm,Thu 22/01,"Malmo FF
FK Crvena Zvezda Belgrade",Football / International / UEFA Europa League,3.35,3.50,2.13,110
https://www.betpawa.co.ke/event/31908679?filter=all,8:45 pm,Thu 22/01,"FC Viktoria Plzen
FC Porto",Football / International / UEFA Europa League,3.30,3.50,2.16,109
https://www.betpawa.co.ke/event/31885074?filter=all,8:45 pm,Thu 22/01,"Young Boys Bern
Olympique Lyon",Football / International / UEFA Europa League,4.10,3.90,1.82,112
https://www.betpawa.co.ke/event/31885072?filter=all,8:45 pm,Thu 22/01,"Feyenoord Rotterdam
SK Sturm Graz",Football / International / UEFA Europa League,1.42,5.00,6.75,111
https://www.betpawa.co.ke/event/31885073?filter=all,8:45 pm,Thu 22/01,"SK Brann
FC Midtjylland",Football / International / UEFA Europa League,3.00,3.65,2.25,112
https://www.betpawa.co.ke/event/31940767?filter=all,8:45 pm,Thu 22/01,"PAOK Thessaloniki
Real Betis Seville",Football / International / UEFA Europa League,2.70,3.55,2.50,110
https://www.betpawa.co.ke/event/31940768?filter=all,8:45 pm,Thu 22/01,"Bologna FC
Celtic Glasgow",Football / International / UEFA Europa League,1.55,4.30,5.75,112
https://www.betpawa.co.ke/event/31851779?filter=all,8:45 pm,Thu 22/01,"Fenerbahce Istanbul
Aston Villa",Football / International / UEFA Europa League,2.70,3.50,2.55,111
https://www.betpawa.co.ke/event/31885075?filter=all,11:00 pm,Thu 22/01,"SC Braga
Nottingham Forest",Football / International / UEFA Europa League,2.75,3.45,2.50,110
https://www.betpawa.co.ke/event/31940769?filter=all,11:00 pm,Thu 22/01,"AS Roma
VfB Stuttgart",Football / International / UEFA Europa League,1.94,3.65,3.80,110
https://www.betpawa.co.ke/event/31940770?filter=all,11:00 pm,Thu 22/01,"FC Utrecht
KRC Genk",Football / International / UEFA Europa League,2.70,3.55,2.50,110
https://www.betpawa.co.ke/event/31851785?filter=all,11:00 pm,Thu 22/01,"RC Celta de Vigo
Lille OSC",Football / International / UEFA Europa League,2.40,3.55,2.85,110
https://www.betpawa.co.ke/event/31851783?filter=all,11:00 pm,Thu 22/01,"GNK Dinamo Zagreb
Fotbal Club FCSB",Football / International / UEFA Europa League,1.67,3.95,5.00,112
https://www.betpawa.co.ke/event/31851784?filter=all,11:00 pm,Thu 22/01,"OGC Nice
Go Ahead Eagles",Football / International / UEFA Europa League,1.61,4.20,5.25,113
https://www.betpawa.co.ke/event/31851781?filter=all,11:00 pm,Thu 22/01,"Ferencvarosi Budapest
Panathinaikos Athens",Football / International / UEFA Europa League,2.30,3.50,3.05,109
https://www.betpawa.co.ke/event/31851782?filter=all,11:00 pm,Thu 22/01,"Glasgow Rangers
PFC Ludogorets 1945 Razgrad",Football / International / UEFA Europa League,1.82,3.80,4.20,111
https://www.betpawa.co.ke/event/32079790?filter=all,11:00 pm,Thu 22/01,"CA Aldosivi
Defensa y Justicia",Football / Argentina / Liga Profesional,2.70,2.80,3.10,83
https://www.betpawa.co.ke/event/31851780?filter=all,11:00 pm,Thu 22/01,"FC Salzburg
FC Basel 1893",Football / International / UEFA Europa League,2.30,3.75,2.85,111
https://www.betpawa.co.ke/event/32106051?filter=all,2:00 am,Fri 23/01,"CA Banfield
CA Huracan",Football / Argentina / Liga Profesional,2.55,2.80,3.35,83
https://www.betpawa.co.ke/event/32160673?filter=all,2:00 am,Fri 23/01,"Union de Santa Fe
CA Platense",Football / Argentina / Liga Profesional,2.11,2.75,4.70,82
https://www.betpawa.co.ke/event/32079793?filter=all,4:15 am,Fri 23/01,"CA Central Cordoba SE
Gimnasia y Esgrima Mendoza",Football / Argentina / Liga Profesional,2.12,3.05,3.95,83
https://www.betpawa.co.ke/event/32160674?filter=all,4:15 am,Fri 23/01,"Instituto AC Cordoba
Velez Sarsfield",Football / Argentina / Liga Profesional,2.65,2.85,3.15,83
https://www.betpawa.co.ke/event/32373254?filter=all,10:00 pm,Fri 23/01,"AJ Auxerre
Paris Saint-Germain",Football / France / Ligue 1,8.25,5.50,1.33,109
https://www.betpawa.co.ke/event/32160671?filter=all,11:15 pm,Fri 23/01,"CA San Lorenzo de Almagro
CA Lanus",Football / Argentina / Liga Profesional,2.45,2.75,3.60,83
https://www.betpawa.co.ke/event/32134409?filter=all,2:00 am,Sat 24/01,"CA Independiente Avellaneda
Estudiantes de La Plata",Football / Argentina / Liga Profesional,2.23,2.85,4.00,83
https://www.betpawa.co.ke/event/32106048?filter=all,4:15 am,Sat 24/01,"Independiente Rivadavia
Atletico Tucuman",Football / Argentina / Liga Profesional,2.23,3.05,3.65,83
https://www.betpawa.co.ke/event/32079792?filter=all,4:15 am,Sat 24/01,"CA Talleres de Cordoba
Newell's Old Boys",Football / Argentina / Liga Profesional,1.85,3.30,4.80,84
https://www.betpawa.co.ke/event/32327299?filter=all,7:00 pm,Sat 24/01,"Stade Rennais FC
FC Lorient",Football / France / Ligue 1,1.76,3.75,4.60,112
https://www.betpawa.co.ke/event/32303961?filter=all,9:00 pm,Sat 24/01,"Le Havre AC
AS Monaco",Football / France / Ligue 1,3.60,3.75,1.98,110
https://www.betpawa.co.ke/event/32079791?filter=all,11:00 pm,Sat 24/01,"CA Barracas Central
CA River Plate (ARG)",Football / Argentina / Liga Profesional,4.70,3.15,1.92,83
https://www.betpawa.co.ke/event/32373255?filter=all,11:05 pm,Sat 24/01,"Olympique Marseille
RC Lens",Football / France / Ligue 1,2.02,3.65,3.55,110
https://www.betpawa.co.ke/event/32160677?filter=all,1:30 am,Sun 25/01,"Gimnasia y Esgrima La Plata
Racing Club Avellaneda",Football / Argentina / Liga Profesional,3.60,2.90,2.35,83
https://www.betpawa.co.ke/event/32079794?filter=all,4:00 am,Sun 25/01,"CA Rosario Central
CA Belgrano de Cordoba",Football / Argentina / Liga Profesional,1.85,3.15,5.25,84
https://www.betpawa.co.ke/event/32327300?filter=all,5:00 pm,Sun 25/01,"FC Nantes
OGC Nice",Football / France / Ligue 1,3.20,3.45,2.23,111
https://www.betpawa.co.ke/event/32373256?filter=all,7:15 pm,Sun 25/01,"Stade Brest 29
Toulouse FC",Football / France / Ligue 1,2.85,3.10,2.65,109
https://www.betpawa.co.ke/event/32346313?filter=all,7:15 pm,Sun 25/01,"Paris FC
Angers SCO",Football / France / Ligue 1,1.82,3.50,4.60,112
https://www.betpawa.co.ke/event/32327301?filter=all,7:15 pm,Sun 25/01,"FC Metz
Olympique Lyon",Football / France / Ligue 1,4.70,4.00,1.70,112
https://www.betpawa.co.ke/event/32327302?filter=all,10:45 pm,Sun 25/01,"Lille OSC
Strasbourg Alsace",Football / France / Ligue 1,1.78,3.80,4.40,112
https://www.betpawa.co.ke/event/32160672?filter=all,12:30 am,Mon 26/01,"Boca Juniors
Deportivo Riestra AFBC",Football / Argentina / Liga Profesional,1.57,3.70,7.00,84
https://www.betpawa.co.ke/event/32160675?filter=all,3:00 am,Mon 26/01,"CA Tigre
Estudiantes Rio Cuarto",Football / Argentina / Liga Profesional,2.08,3.00,4.20,83
https://www.betpawa.co.ke/event/32160676?filter=all,3:00 am,Mon 26/01,"Argentinos Juniors
CA Sarmiento Junin",Football / Argentina / Liga Profesional,1.55,3.80,7.00,85
https://www.betpawa.co.ke/event/32035493?filter=all,9:00 pm,Wed 28/01,"Sao Paulo FC SP
CR Flamengo RJ",Football / Brazil / Brasileiro Serie A,4.20,3.40,1.92,100
https://www.betpawa.co.ke/event/32035492?filter=all,9:00 pm,Wed 28/01,"Chapecoense SC
Santos FC SP",Football / Brazil / Brasileiro Serie A,3.00,3.20,2.45,98
https://www.betpawa.co.ke/event/32035491?filter=all,9:00 pm,Wed 28/01,"Atletico Mineiro MG
SE Palmeiras SP",Football / Brazil / Brasileiro Serie A,2.90,3.20,2.55,99
https://www.betpawa.co.ke/event/32099098?filter=all,9:00 pm,Wed 28/01,"EC Vitoria BA
Clube do Remo PA",Football / Brazil / Brasileiro Serie A,1.82,3.50,4.60,101
https://www.betpawa.co.ke/event/32099099?filter=all,9:00 pm,Wed 28/01,"Mirassol FC SP
CR Vasco da Gama RJ",Football / Brazil / Brasileiro Serie A,1.83,3.60,4.40,102
https://www.betpawa.co.ke/event/32099097?filter=all,9:00 pm,Wed 28/01,"Coritiba FC PR
Red Bull Bragantino SP",Football / Brazil / Brasileiro Serie A,2.30,3.15,3.30,99
https://www.betpawa.co.ke/event/32074572?filter=all,9:00 pm,Wed 28/01,"SC Corinthians SP
EC Bahia BA",Football / Brazil / Brasileiro Serie A,2.25,3.30,3.30,99
https://www.betpawa.co.ke/event/32074571?filter=all,9:00 pm,Wed 28/01,"Fluminense FC RJ
Gremio FB Porto Alegrense RS",Football / Brazil / Brasileiro Serie A,1.73,3.45,5.50,100
https://www.betpawa.co.ke/event/32128525?filter=all,9:00 pm,Wed 28/01,"SC Internacional RS
CA Paranaense PR",Football / Brazil / Brasileiro Serie A,1.92,3.35,4.30,99
https://www.betpawa.co.ke/event/32128524?filter=all,9:00 pm,Wed 28/01,"Botafogo FR RJ
Cruzeiro EC MG",Football / Brazil / Brasileiro Serie A,2.21,3.20,3.50,100
https://www.betpawa.co.ke/event/31915903?filter=all,9:00 pm,Fri 06/02,"AGF Aarhus
Odense Boldklub",Football / Denmark / Superliga,1.59,4.20,5.50,102
https://www.betpawa.co.ke/event/32009401?filter=all,10:30 pm,Fri 06/02,"FC Salzburg
FK Austria Wien",Football / Austria / Bundesliga,1.85,3.75,4.10,101
https://www.betpawa.co.ke/event/32039549?filter=all,7:00 pm,Sat 07/02,"SK Rapid
TSV Hartberg",Football / Austria / Bundesliga,1.79,3.70,4.50,102
https://www.betpawa.co.ke/event/32039548?filter=all,7:00 pm,Sat 07/02,"LASK Linz
WSG Tirol",Football / Austria / Bundesliga,1.69,3.85,5.00,102
https://www.betpawa.co.ke/event/31915905?filter=all,4:00 pm,Sun 08/02,"FC Nordsjaelland
Soenderjyske",Football / Denmark / Superliga,1.82,3.70,4.30,103
https://www.betpawa.co.ke/event/32039551?filter=all,4:30 pm,Sun 08/02,"SCR Altach
Blau-Weiss Linz",Football / Austria / Bundesliga,1.92,3.35,4.30,99
https://www.betpawa.co.ke/event/31955413?filter=all,4:30 pm,Sun 08/02,"Wolfsberger AC
Grazer AK 1902",Football / Austria / Bundesliga,1.76,3.65,4.80,101
https://www.betpawa.co.ke/event/31887507?filter=all,6:00 pm,Sun 08/02,"FC Midtjylland
FC Copenhagen",Football / Denmark / Superliga,1.89,3.80,3.85,101
https://www.betpawa.co.ke/event/32009402?filter=all,7:00 pm,Sun 08/02,"SK Sturm Graz
SV Ried",Football / Austria / Bundesliga,1.99,3.50,3.80,100
https://www.betpawa.co.ke/event/31915906?filter=all,8:00 pm,Sun 08/02,"Silkeborg IF
Viborg FF",Football / Denmark / Superliga,2.60,3.60,2.60,101
https://www.betpawa.co.ke/event/31915904?filter=all,8:00 pm,Sun 08/02,"Broendby IF
Randers FC",Football / Denmark / Superliga,1.75,3.90,4.50,103
https://www.betpawa.co.ke/event/31887506?filter=all,9:00 pm,Mon 09/02,"Vejle BK
FC Fredericia",Football / Denmark / Superliga,1.82,3.85,4.10,103
https://www.betpawa.co.ke/event/32282755?filter=all,9:00 pm,Wed 11/02,"FC Copenhagen
Viborg FF",Football / Denmark / DBU Pokalen,1.45,4.50,7.25,1
https://www.betpawa.co.ke/event/32307717?filter=all,9:00 pm,Thu 12/02,"AGF Aarhus
FC Midtjylland",Football / Denmark / DBU Pokalen,2.35,3.75,2.80,1
https://www.betpawa.co.ke/event/31970091?filter=all,7:30 pm,Fri 27/02,"FK Zenit Saint Petersburg
FC Baltika Kaliningrad",Football / Russian Federation / Premier League,1.36,4.60,10.00,96
https://www.betpawa.co.ke/event/31973795?filter=all,12:00 pm,Sat 28/02,"FC Orenburg
FK Akron Tolyatti",Football / Russian Federation / Premier League,2.40,3.20,3.10,99
https://www.betpawa.co.ke/event/31998408?filter=all,2:30 pm,Sat 28/02,"FC Dynamo-Makhachkala
FK Rubin Kazan",Football / Russian Federation / Premier League,2.85,2.85,2.85,97
https://www.betpawa.co.ke/event/32023452?filter=all,5:00 pm,Sat 28/02,"Lokomotiv Moscow
FC Pari Nizhny Novgorod",Football / Russian Federation / Premier League,1.36,4.80,9.50,97
https://www.betpawa.co.ke/event/31974761?filter=all,7:30 pm,Sat 28/02,"FK Krasnodar
FK Rostov",Football / Russian Federation / Premier League,1.35,4.70,10.00,96
https://www.betpawa.co.ke/event/32030069?filter=all,2:00 pm,Sun 01/03,"FK Dinamo Moscow
PFK Krylia Sovetov Samara",Football / Russian Federation / Premier League,1.42,4.50,8.00,98
https://www.betpawa.co.ke/event/32030068?filter=all,4:30 pm,Sun 01/03,"FK Sochi
FK Spartak Moscow",Football / Russian Federation / Premier League,5.50,4.00,1.60,102
https://www.betpawa.co.ke/event/32062373?filter=all,7:00 pm,Sun 01/03,"RFK Akhmat Grozny
CSKA Moscow",Football / Russian Federation / Premier League,3.20,3.30,2.30,99